{
	"credit": "Made with Blockbench",
	"textures": {
		"1": "flashlight:item/flashlight"
	},
	"elements": [
		{
			"from": [6.74, 0.24, 7.49],
			"to": [9.26, 2.76, 14.51],
			"rotation": {"angle": 0, "axis": "y", "origin": [8, 1.5, 8]},
			"faces": {
				"north": {"uv": [7.1, 11.1, 8.9, 12.9], "texture": "#1"},
				"east": {"uv": [0.1, 0.1, 6.9, 1.9], "texture": "#1"},
				"south": {"uv": [9.1, 11.1, 10.9, 12.9], "texture": "#1"},
				"west": {"uv": [0.1, 2.1, 6.9, 3.9], "texture": "#1"},
				"up": {"uv": [1.9, 10.9, 0.1, 4.1], "texture": "#1"},
				"down": {"uv": [3.9, 4.1, 2.1, 10.9], "texture": "#1"}
			}
		},
		{
			"from": [6.249, -0.251, 5.499],
			"to": [9.751, 3.251, 7.501],
			"rotation": {"angle": 0, "axis": "y", "origin": [8, 1.5, 8]},
			"faces": {
				"north": {"uv": [4.1, 4.1, 6.9, 6.9], "texture": "#1"},
				"east": {"uv": [6.1, 7.1, 7.9, 9.9], "texture": "#1"},
				"south": {"uv": [7.1, 0.1, 9.9, 2.9], "texture": "#1"},
				"west": {"uv": [8.1, 6.1, 9.9, 8.9], "texture": "#1"},
				"up": {"uv": [11.9, 4.9, 9.1, 3.1], "texture": "#1"},
				"down": {"uv": [10.9, 9.1, 8.1, 10.9], "texture": "#1"}
			}
		},
		{
			"from": [6.24, -0.26, 4.49],
			"to": [9.76, 0.01, 5.51],
			"rotation": {"angle": 0, "axis": "y", "origin": [8, 1.5, 8]},
			"faces": {
				"north": {"uv": [0.1, 0.1, 2.9, 0], "texture": "#1"},
				"east": {"uv": [0.1, 0.1, 1.9, 0], "texture": "#1"},
				"south": {"uv": [0.1, 0.1, 2.9, 0], "texture": "#1"},
				"west": {"uv": [0.1, 0.1, 1.9, 0], "texture": "#1"},
				"up": {"uv": [12.9, 0.9, 10.1, 0.1], "texture": "#1"},
				"down": {"uv": [6.9, 10.1, 4.1, 10.9], "texture": "#1"}
			}
		},
		{
			"from": [6.24, 2.99, 4.49],
			"to": [9.76, 3.26, 5.51],
			"rotation": {"angle": 0, "axis": "y", "origin": [8, 1.5, 8]},
			"faces": {
				"north": {"uv": [0.1, 0.1, 2.9, 0], "texture": "#1"},
				"east": {"uv": [0.1, 0.1, 1.9, 0], "texture": "#1"},
				"south": {"uv": [0.1, 0.1, 2.9, 0], "texture": "#1"},
				"west": {"uv": [0.1, 0.1, 1.9, 0], "texture": "#1"},
				"up": {"uv": [12.9, 5.9, 10.1, 5.1], "texture": "#1"},
				"down": {"uv": [12.9, 7.1, 10.1, 8.9], "texture": "#1"}
			}
		},
		{
			"from": [6.239, -0.261, 4.489],
			"to": [6.511, 3.261, 5.511],
			"rotation": {"angle": 0, "axis": "z", "origin": [8, 1.5, 8]},
			"faces": {
				"north": {"uv": [0.1, 0.1, 0, 2.9], "texture": "#1"},
				"east": {"uv": [0.1, 11.1, 0.9, 13.9], "texture": "#1"},
				"south": {"uv": [0.1, 0.1, 0, 2.9], "texture": "#1"},
				"west": {"uv": [2.1, 11.1, 2.9, 13.9], "texture": "#1"},
				"up": {"uv": [0.1, 1.9, 0, 0.1], "texture": "#1"},
				"down": {"uv": [0.1, 0.1, 0, 1.9], "texture": "#1"}
			}
		},
		{
			"from": [9.489, -0.261, 4.489],
			"to": [9.761, 3.261, 5.511],
			"rotation": {"angle": 0, "axis": "z", "origin": [8, 1.5, 8]},
			"faces": {
				"north": {"uv": [0.1, 0.1, 0, 2.9], "texture": "#1"},
				"east": {"uv": [7.1, 3.1, 7.9, 5.9], "texture": "#1"},
				"south": {"uv": [0.1, 0.1, 0, 2.9], "texture": "#1"},
				"west": {"uv": [4.1, 7.1, 4.9, 9.9], "texture": "#1"},
				"up": {"uv": [0.1, 1.9, 0, 0.1], "texture": "#1"},
				"down": {"uv": [0.1, 0.1, 0, 1.9], "texture": "#1"}
			}
		},
		{
			"from": [6.84, 2.69, 10.49],
			"to": [7.61, 2.91, 11.26],
			"rotation": {"angle": 0, "axis": "y", "origin": [8, 1.5, 8]},
			"faces": {
				"north": {"uv": [15.5, 15.5, 15.5, 15.5], "texture": "#1"},
				"east": {"uv": [15.5, 15.5, 15.5, 15.5], "texture": "#1"},
				"south": {"uv": [15.5, 15.5, 15.5, 15.5], "texture": "#1"},
				"west": {"uv": [15.5, 15.5, 15.5, 15.5], "texture": "#1"},
				"up": {"uv": [15.5, 15.5, 15.5, 15.5], "texture": "#1"},
				"down": {"uv": [15.5, 15.5, 15.5, 15.5], "texture": "#1"}
			}
		}
	],
	"display": {
		"thirdperson_righthand": {
			"rotation": [90, 0, 0],
			"translation": [0, 3.5, 8.5]
		},
		"thirdperson_lefthand": {
			"rotation": [90, 0, 0],
			"translation": [0, 3.5, 8.5]
		},
		"firstperson_righthand": {
			"translation": [1.5, 10, -2.75],
			"scale": [1.5, 1.5, 1.5]
		},
		"firstperson_lefthand": {
			"translation": [1.5, 10, -2.75],
			"scale": [1.5, 1.5, 1.5]
		},
		"ground": {
			"translation": [0, 5.5, 0]
		},
		"gui": {
			"rotation": [-174.97, -52.67, 165.32],
			"translation": [0.25, 7, 0],
			"scale": [1.01, 1, 1]
		},
		"head": {
			"translation": [-3.25, 9, -3.75],
			"scale": [1.5, 1.5, 1.5]
		},
		"fixed": {
			"rotation": [90, 75, -90],
			"translation": [0.75, 5.75, 0.15]
		}
	},
	"groups": [
		{
			"name": "group",
			"origin": [8, 1.5, 8],
			"color": 0,
			"children": [0, 1, 2, 3, 4, 5, 6]
		}
	]
}